,Tweets,Sentiments
0,"RT @ajamubaraka: The U.S. &amp; NATO under Obama as Black face for white power, attacked &amp; destroy Libya -  at the time the most prosperous Afr‚Ä¶",Positive
1,"RT @OccupyDemocrats: BREAKING: Former President Obama rips Trump on the world stage for his ""active hostility toward climate science"" and f‚Ä¶",Positive
2,"RT @OccupyDemocrats: BREAKING: Former President Obama rips Trump on the world stage for his ""active hostility toward climate science"" and f‚Ä¶",Positive
3,"RT @Amy_Siskind: Obama going hard at Trump without naming him in his Glasgow speech, noting the vacuum of US leadership on the world stage‚Ä¶",Negative
4,"RT @DanielTurnerPTF: Barack Obama: ""I can afford to give up a lot of my current lifestyle to benefit the planet.""

This is coming from the‚Ä¶",Positive
5,The Obama Lesson Democrats Try to Forget https://t.co/WJ1CLqaIbT via @WSJOpinion,Negative
6,Why is Obama anywhere on the political scene directing business? He isn't anti energy or concerned about emissions.‚Ä¶ https://t.co/hMQKpGZnMy,Positive
7,"Our government is set up to protect the interests of the wealthy. It‚Äôs why nothing substantial changed under Obama,‚Ä¶ https://t.co/MShAPcVtak",Positive
8,"@ltgrusselhonore @CNN @POTUS It‚Äôs all the same, if not a CNN reporter, host dissing the President, Democrats, they‚Ä¶ https://t.co/1Fif5RRYi7",Negative
9,RT @ryancapperauld: Obama blaming the rise of nationalism across the world for less global cooperation on the environment at a speech in Sc‚Ä¶,Positive
10,RT @NewsHour: Obama noted efforts by the U.S. ‚Äî the world‚Äôs second-worst climate polluter now after China ‚Äî stalled when Trump pulled out o‚Ä¶,Negative
11,"RT @OccupyDemocrats: BREAKING: Former President Obama rips Trump on the world stage for his ""active hostility toward climate science"" and f‚Ä¶",Positive
12,"RT @Amy_Siskind: Obama going hard at Trump without naming him in his Glasgow speech, noting the vacuum of US leadership on the world stage‚Ä¶",Positive
13,"RT @FoxNews: .@TomFitton: ""I think the FBI's been compromised. Forget about shutting down Mr. Mueller. Do we need to shut down the @FBI bec‚Ä¶",Negative
14,"RT @AdamBandt: Last night at COP26 Barack Obama said ‚Äúvote like your life depends on it, because it does.‚Äù

Today, Scott Morrison‚Äôs approva‚Ä¶",Positive
15,"This is cool, who‚Äôs playing Obama though ? https://t.co/FjUSbRaLOh",Positive
16,"@Ghoulsli @CourtneyBanks 1""Regarding his own story, Obama has promoted falsehoods at every step.""
The OSS psycholog‚Ä¶ https://t.co/Rx1d1d2qX4",Negative
17,"RT @OccupyDemocrats: BREAKING: Former President Obama rips Trump on the world stage for his ""active hostility toward climate science"" and f‚Ä¶",Negative
18,"RT @FoxNews: .@TomFitton: ""I think the FBI's been compromised. Forget about shutting down Mr. Mueller. Do we need to shut down the @FBI bec‚Ä¶",Negative
19,@BTitch_Bits777 @AmberGDay @Strandjunker Was going to say that didn‚Äôt happen ‚Äî looked it up. During Pres. Obama‚Äôs t‚Ä¶ https://t.co/pcifrARtOH,Positive
20,"RT @OgbeniDipo: ""You can't ignore politics. While protesting and hashtags raise awareness, you should get involved in politics at some leve‚Ä¶",Negative
21,"RT @LangmanVince: If Obama is overseas at the phony climate change summit 
Who's running the country?",Negative
22,travis was trying to remember obama‚Äôs last name in his apology video,Negative
23,RT @nottramar: Viola Davis is so fucking funny for doing this face while playing Michelle Obama https://t.co/6GtnMcgyOn,Negative
24,RT @edinburghpaper: President Barack Obama claimed he was on the Emerald Isle during his speech at COP26 in Glasgow. https://t.co/ZnwBfr9DQk,Negative
25,RT @JesseKellyDC: The true believers in ‚Äúclimate change‚Äù are so much more embarrassing than Obama. Obama just uses you all like chumps to e‚Ä¶,Negative
26,"RT @IndieWire: Here's your first look at Viola Davis as Michelle Obama, Michelle Pfeiffer as Betty Ford, and Gillian Anderson as Eleanor Ro‚Ä¶",Negative
27,"RT @OccupyDemocrats: BREAKING: Former President Obama rips Trump on the world stage for his ""active hostility toward climate science"" and f‚Ä¶",Positive
28,RT @Rooster_Crowing: How much money will Kate Steinles family get for her being separated from them by Democrat policies‚Ä¶.It was the Obama/‚Ä¶,Positive
29,"RT @OccupyDemocrats: BREAKING: Former President Obama rips Trump on the world stage for his ""active hostility toward climate science"" and f‚Ä¶",Positive
30,"RT @angeladewan: First on CNN: Obama is expected to express regret for Trump's ""four years of active hostility towards climate science"" but‚Ä¶",Negative
31,"RT @DanielTurnerPTF: Barack Obama: ""I can afford to give up a lot of my current lifestyle to benefit the planet.""

This is coming from the‚Ä¶",Positive
32,"RT @DanielTurnerPTF: Barack Obama: ""I can afford to give up a lot of my current lifestyle to benefit the planet.""

This is coming from the‚Ä¶",Positive
33,"RT @nytimes: ""Vote like your life depends on it, because it does,"" said former President Barack Obama in an address to young people at the‚Ä¶",Negative
34,RT @Phil_Lewis_: Viola Davis has got Michelle Obama‚Äôs smirk down https://t.co/ae2fBo9N5n,Positive
35,"RT @OccupyDemocrats: BREAKING: Former President Obama rips Trump on the world stage for his ""active hostility toward climate science"" and f‚Ä¶",Positive
36,"RT @TPostMillennial: After flying to a climate summit in a private jet, Obama says ‚ÄúI can afford to give up a lot of my current lifestyle t‚Ä¶",Positive
37,.@BarackObama Obama Travels to Glasgow to Lecture the World on Climate Change After Purchasing Waterfront Estate on‚Ä¶ https://t.co/EHY9T0yi0d,Negative
38,nuts mrs.Obama tho u gotta body it https://t.co/ejYBZz1IN0,Positive
39,RT @seanhannity: Obama: ‚ÄúI can afford to give up a lot of my current lifestyle to benefit the planet because I‚Äôll still have a lot left ove‚Ä¶,Positive
40,"RT @davidharsanyi: It takes some nuclear-powered audacity for Barack Obama, of all people, to whine about unilateral governance. https://t.‚Ä¶",Positive
41,"RT @FoxNews: .@TomFitton: ""I think the FBI's been compromised. Forget about shutting down Mr. Mueller. Do we need to shut down the @FBI bec‚Ä¶",Negative
42,"Obama's there so Ol Joe can sleep and fart.- Obama arrives at #COP26 U.N. ""climate summit"" in Scotland.

@disclosetv https://t.co/1NtysIeNTg",Negative
43,"RT @Amy_Siskind: Obama going hard at Trump without naming him in his Glasgow speech, noting the vacuum of US leadership on the world stage‚Ä¶",Negative
44,RT @jai_lies: To be clear Nader didn‚Äôt author the article @Thom_Hartmann did. He‚Äôs been doing great work on the privatization of Medicare b‚Ä¶,Negative
45,Idk how to feel about Obama talking about climate change. Gotta look more into him I guess,Negative
46,"RT @TomBevanRCP: Obama on June 3, 2008: ""I am absolutely certain that, generations from now, we will be able to look back and tell our chil‚Ä¶",Negative
47,"RT @FilmUpdates: First look at Viola Davis as Michelle Obama, Michelle Pfeiffer as Betty Ford, and Gillian Anderson as Eleanor Roosevelt in‚Ä¶",Negative
48,RT @CINEMA505: Viola Davis como Michelle Obama em 'The First Lady'. https://t.co/nRBiVnELhL,Negative
49,RT @DanaRohrabacher: @ambjohnbolton Kudos for lifting U.S. sanctions on Eritrea. The question is not that the sanctions should be lifted by‚Ä¶,Positive
50,"TRUMP DIDNT SEPERATE NO FAMILIES THAT WAS BAROCK OBAMA AND JOE BIDEN HAD CAGES MADE AND PUT THEM IN THEM , IF BIDEN‚Ä¶ https://t.co/ANWDzAdzAt",Negative
51,RT @jai_lies: if the story of the rise of the right wing doesn‚Äôt include Obama bailing out the banks and abandoning millions who were under‚Ä¶,Negative
52,"RT @OccupyDemocrats: BREAKING: Former President Obama rips Trump on the world stage for his ""active hostility toward climate science"" and f‚Ä¶",Positive
53,@Vinylfan3 @seanhannity Right that was my point.  Funny how the IG report singled out the Trump for the cages and p‚Ä¶ https://t.co/NeXGzozaRM,Negative
54,RT @USPatriotSerena: Michelle Obama was an exemplary First Lady,Positive
55,"RT @JDBalartMSNBC: ""I recognize we're living in a moment when international cooperation has waned,"" President Obama says at the COP26 inter‚Ä¶",Negative
56,"RT @nytimes: ""Vote like your life depends on it, because it does,"" said former President Barack Obama in an address to young people at the‚Ä¶",Positive
57,Obama  An ever arrogant asshole! https://t.co/KJp9exESiS,Negative
58,RT @Phil_Lewis_: Viola Davis has got Michelle Obama‚Äôs smirk down https://t.co/ae2fBo9N5n,Negative
59,"RT @DanielTurnerPTF: Barack Obama: ""I can afford to give up a lot of my current lifestyle to benefit the planet.""

This is coming from the‚Ä¶",Positive
60,"RT @MSNBC: ""We can't afford to stay where we are. The world has to step up and it has to step up now. ... Climate change can't be seen anyw‚Ä¶",Negative
61,"RT @Amy_Siskind: Obama going hard at Trump without naming him in his Glasgow speech, noting the vacuum of US leadership on the world stage‚Ä¶",Positive
62,i can NOTTTTT get over the viola davis michelle obama photos like why did she do the face so well üò≠üò≠üò≠üò©üò©üò©,Positive
63,"RT @FoxNews: .@TomFitton: ""I think the FBI's been compromised. Forget about shutting down Mr. Mueller. Do we need to shut down the @FBI bec‚Ä¶",Negative
64,"RT @FoxNews: .@TomFitton: ""I think the FBI's been compromised. Forget about shutting down Mr. Mueller. Do we need to shut down the @FBI bec‚Ä¶",Negative
65,"RT @DanielTurnerPTF: Barack Obama: ""I can afford to give up a lot of my current lifestyle to benefit the planet.""

This is coming from the‚Ä¶",Negative
66,"RT @nytimes: ""Vote like your life depends on it, because it does,"" said former President Barack Obama in an address to young people at the‚Ä¶",Negative
67,"RT @GBullstein: No one cares what you got to say Mr Obama, go away üò¥",Positive
68,"RT @OccupyDemocrats: BREAKING: Former President Obama rips Trump on the world stage for his ""active hostility toward climate science"" and f‚Ä¶",Negative
69,"@cosmobiologist Now they want 500,000 just for a trip just outside the stratosphere‚Ä¶. Thanks a lot Obama",Negative
70,"RT @Alex_Verbeek: üåé

Obama tells young people at COP26: ‚ÄúI want you to stay angry‚Äù 

He urged the youth to keep applying political pressure‚Ä¶",Positive
71,"RT @Amy_Siskind: Obama going hard at Trump without naming him in his Glasgow speech, noting the vacuum of US leadership on the world stage‚Ä¶",Negative
72,@BillOReilly CNN again put Trump down through Obama. What is going on here?  Guess Obama doesn‚Äôt think Biden is doi‚Ä¶ https://t.co/CbT1NzsjJu,Positive
73,Barack Obama Travels to Glasgow to Lecture the World on Climate Change After Purchasing Waterfront Estate on Martha‚Ä¶ https://t.co/VmVj21oQ1Y,Negative
74,obama please stop the car i don't want to go to s√£o carlos,Negative
75,"RT @TPostMillennial: After flying to a climate summit in a private jet, Obama says ‚ÄúI can afford to give up a lot of my current lifestyle t‚Ä¶",Negative
76,"RT @OccupyDemocrats: BREAKING: Former President Obama rips Trump on the world stage for his ""active hostility toward climate science"" and f‚Ä¶",Positive
77,"RT @OccupyDemocrats: BREAKING: Former President Obama rips Trump on the world stage for his ""active hostility toward climate science"" and f‚Ä¶",Negative
78,"@Dianeli25262531 @GeorgePapa19 No. This scandal needs to be addressed. Obama, Biden, Rice, Comey (FBI), Brennan (CI‚Ä¶ https://t.co/4WcxfnJSGl",Positive
79,"RT @JunkScience: Obama says 'act now' to help island nations at #COP26.

Reality check: 

The Maldives, for example, has gained 37 square k‚Ä¶",Positive
80,"RT @FoxNews: .@TomFitton: ""I think the FBI's been compromised. Forget about shutting down Mr. Mueller. Do we need to shut down the @FBI bec‚Ä¶",Negative
81,"RT @emzanotti: From a quick Google search, it appears Obama has spent nearly $25 million securing beachfront property, which would be an in‚Ä¶",Negative
82,"@hugolowell If Merrick Garland thinks he‚Äôs gonna come in office and bring back humanity, civility, and the separati‚Ä¶ https://t.co/alt4AGqzKt",Negative
83,"RT @vanessa_vash: Mr @BarackObama, I was 13 when you promised $100B #ClimateFinance. The US has broken that promise, it will cost lives in‚Ä¶",Negative
84,"RT @AshaMohammed_: Here at #COP26 waiting to hear from President Obama, who has been very vocal on issues around #climatechange- having cha‚Ä¶",Positive
85,"RT @Lowkey0nline: As president, Obama gave $700bn in subsidies to fossil fuel companies yearly, while spending only 0.2% of the national bu‚Ä¶",Negative
86,RT @peacenotwar786: @BarackObama  #Obama  why he's @ #COP26  how many innocent #Muslims he killed with #drone strikes in #Pakistan  #Afghan‚Ä¶,Positive
87,"RT @OccupyDemocrats: BREAKING: Former President Obama rips Trump on the world stage for his ""active hostility toward climate science"" and f‚Ä¶",Positive
88,"Obama represents what?
The Taliban? https://t.co/SgNvMrNNjk",Positive
89,"RT @chrisacorbett: @CarCarr5 @AdifferentRubio If Obama really believe the sea waters were rising, why did he buy a beach house?",Negative
90,"@FistedBy Dates back the Obama years. Can't blame them for panicking though, BDS and similar orgs have been incredi‚Ä¶ https://t.co/DYe7V7MCSm",Positive
91,"RT @RealCourtdog: Search ‚Äúobama‚Äù on Twitter and see what account shows up in the first or second on the list‚Ä¶

Reply if you see what I see‚Ä¶",Negative
92,RT @PopBase: First look at Viola Davis as Michelle Obama in ‚ÄòThe First Lady‚Äô. https://t.co/ef54pEXIxF,Negative
93,RT @Wass2020: They sent out the big guns to defend the boss tonight. Obama speech has hit a nerve. #Nationalism,Positive
94,We don‚Äôt care what Barack Obama has to say and the past presidents need to stay out of our Government Business caus‚Ä¶ https://t.co/xpfDnvdjkI,Negative
95,"RT @nytimes: ""Vote like your life depends on it, because it does,"" said former President Barack Obama in an address to young people at the‚Ä¶",Positive
96,"RT @joshrogin: President Obama decides not to leave politics at the water's edge. In Glasgow, he says the GOP has an ""active hostility for‚Ä¶",Positive
97,RT @Phil_Lewis_: Viola Davis has got Michelle Obama‚Äôs smirk down https://t.co/ae2fBo9N5n,Negative
98,"RT @BBCWorld: ""We are nowhere near where we need to be yet""

Former US President Barack Obama says most countries have ""failed to meet acti‚Ä¶",Negative
99,"RT @ajamubaraka: The U.S. &amp; NATO under Obama as Black face for white power, attacked &amp; destroy Libya -  at the time the most prosperous Afr‚Ä¶",Positive
100,"RT @OccupyDemocrats: BREAKING: Former President Obama rips Trump on the world stage for his ""active hostility toward climate science"" and f‚Ä¶",Positive
101,RT @Phil_Lewis_: Viola Davis has got Michelle Obama‚Äôs smirk down https://t.co/ae2fBo9N5n,Positive
102,"RT @DanielTurnerPTF: Barack Obama: ""I can afford to give up a lot of my current lifestyle to benefit the planet.""

This is coming from the‚Ä¶",Positive
103,Obama is like a old high school basketball player trying to relive the only game he ever scored a basket!,Positive
104,RT @Veritatem2021: COP26: so Barack Obama thinks that urging young people to stay angry and  frustrated is good for their physical and ment‚Ä¶,Positive
105,"RT @AdamBandt: Last night at COP26 Barack Obama said ‚Äúvote like your life depends on it, because it does.‚Äù

Today, Scott Morrison‚Äôs approva‚Ä¶",Positive
106,"RT @emzanotti: From a quick Google search, it appears Obama has spent nearly $25 million securing beachfront property, which would be an in‚Ä¶",Negative
107,"RT @nowthisnews: Pres. Obama‚Äôs message to young people fighting for climate action: ‚ÄòI want you to stay angry, I want you to stay frustrate‚Ä¶",Positive
108,"@solastsummer2 @nytimes False. They were higher during GWB's term. Multiple sources corroborate this, including the‚Ä¶ https://t.co/VzKnIQvyGd",Negative
109,"RT @MeetThePress: WATCH: Former President Obama speaks at the U.N. climate summit. #MTPDaily

""We can't afford to stay where we are. The wo‚Ä¶",Negative
110,"RT @MrDanZak: ‚ÄúI am John Kerry‚Äôs hype man today,‚Äù Obama told a gathering of delegates before his speech. ‚ÄúI am John Kerry‚Äôs DJ Khaled.‚Äù 

F‚Ä¶",Positive
111,no i ate a homeless mans liver in a fit of rage thanks obama https://t.co/hqDfjTGXhZ,Negative
112,"RT @nytimes: ""Vote like your life depends on it, because it does,"" said former President Barack Obama in an address to young people at the‚Ä¶",Positive
113,Ima get em! OBAMA!,Negative
114,"RT @FilmUpdates: First look at Viola Davis as Michelle Obama, Michelle Pfeiffer as Betty Ford, and Gillian Anderson as Eleanor Roosevelt in‚Ä¶",Positive
115,RT @CBSNews: Former Pres. Barack Obama faulted U.S. rivals China and Russia during remarks at the UN COP26 climate summit for what he calle‚Ä¶,Positive
116,RT @KatiePavlich: Barack Obama owns an energy guzzling mansion on the ocean in Martha‚Äôs Vineyard. The elites aren‚Äôt afraid of ‚Äúclimate chan‚Ä¶,Positive
117,"RT @RT_com: Obama demands urgency on climate, but says nothing about carbon footprint of bombing campaigns https://t.co/hfi2zTEA8u",Positive
118,"RT @PoliticallyPaul: Scottish nationalists should ask themselves the question: did @BarackObama mean them, too?

Yes, he did.https://t.co/G‚Ä¶",Positive
119,"RT @Lorna_TVeditor: Showtime's The First Lady is set for spring 2022. 
The first season will focus on Michelle Obama (Viola Davis), Betty F‚Ä¶",Positive
120,"RT @cnnbrk: Former President Barack Obama will use his speech at today's COP26 talks to express regret for four years under Trump of ""activ‚Ä¶",Positive
121,"RT @OccupyDemocrats: BREAKING: Former President Obama rips Trump on the world stage for his ""active hostility toward climate science"" and f‚Ä¶",Positive
122,"RT @OccupyDemocrats: BREAKING: Former President Obama rips Trump on the world stage for his ""active hostility toward climate science"" and f‚Ä¶",Negative
123,"RT @AdamBandt: Last night at COP26 Barack Obama said ‚Äúvote like your life depends on it, because it does.‚Äù

Today, Scott Morrison‚Äôs approva‚Ä¶",Positive
124,RT @JesseKellyDC: The true believers in ‚Äúclimate change‚Äù are so much more embarrassing than Obama. Obama just uses you all like chumps to e‚Ä¶,Negative
125,RT @LukewSavage: Stuff like this would be a lot more convincing if Obama hadn't quite literally spiked oil and gas production during his pr‚Ä¶,Positive
126,RT @nottramar: Viola Davis is so fucking funny for doing this face while playing Michelle Obama https://t.co/6GtnMcgyOn,Positive
127,"RT @FoxNews: .@TomFitton: ""I think the FBI's been compromised. Forget about shutting down Mr. Mueller. Do we need to shut down the @FBI bec‚Ä¶",Positive
128,RT @TomFitton: Hillary did it (with Obama/Biden)..... https://t.co/0HCgEbcO8h,Positive
129,"RT @thehill: Former President Obama: ""Protests are necessary to raise awareness. Hashtag campaigns can spread awareness, but to build the b‚Ä¶",Negative
130,"RT @OccupyDemocrats: BREAKING: Former President Obama rips Trump on the world stage for his ""active hostility toward climate science"" and f‚Ä¶",Positive
131,"RT @vanessa_vash: Mr @BarackObama, I was 13 when you promised $100B #ClimateFinance. The US has broken that promise, it will cost lives in‚Ä¶",Negative
132,@BarackObama  #Obama  why he's @ #COP26  how many innocent #Muslims he killed with #drone strikes in #Pakistan‚Ä¶ https://t.co/2QdegnljZP,Negative
133,"RT @wingdigit: ""Cynicism is the recourse of cowards"" Obama.
That, ""theres nothing we can do"" ain't gonna get it.
The young will have to lea‚Ä¶",Negative
134,Tell him to call Obama and thank him for it https://t.co/XpPy40Xwj0,Negative
135,"RT @DanielTurnerPTF: Barack Obama: ""I can afford to give up a lot of my current lifestyle to benefit the planet.""

This is coming from the‚Ä¶",Negative
136,@RexChapman I voted for Obama and Trump twice!,Positive
137,"In pictures: Battlefield residents shine a light on climate change | News - Clyde 1
#COP26 #COPGlasgow #Obama‚Ä¶ https://t.co/KeZ2BdERYM",Positive
138,RT @Phil_Lewis_: Viola Davis has got Michelle Obama‚Äôs smirk down https://t.co/ae2fBo9N5n,Negative
139,@newsmax Did Obama have an investment in the agreement?  The feud between Obama and Trump goes back for years. I wo‚Ä¶ https://t.co/ZjE77T5f5v,Positive
140,RT @SaraCarterDC: Obama Tells Youth To Be Angry and Frustrated https://t.co/zyNFkBoybr,Negative
141,"RT @disclosetv: NOW - Obama on ""climate change"" at #COP26: ""The first and most important is... vote like your life depends on it."" https://‚Ä¶",Negative
142,"RT @Kat4Obama: ""Obama was received at COP26 like a head of state, drawing more onlookers in the conference complex than Prince Charles and‚Ä¶",Negative
143,RT @seanhannity: Obama: ‚ÄúI can afford to give up a lot of my current lifestyle to benefit the planet because I‚Äôll still have a lot left ove‚Ä¶,Positive
144,@nytimes Not satisfied with dividing America üá∫üá∏ Obama launches his ‚ÄúDIVIDE THE WORLD TOUR‚Äù,Negative
145,"RT @OccupyDemocrats: BREAKING: Former President Obama rips Trump on the world stage for his ""active hostility toward climate science"" and f‚Ä¶",Negative
146,"https://t.co/2GioILibMV

In an address to the U.N. Climate Change Conference, former President Barack Obama returne‚Ä¶ https://t.co/oAy5qBnXZt",Positive
147,"RT @nytimes: ""Vote like your life depends on it, because it does,"" said former President Barack Obama in an address to young people at the‚Ä¶",Positive
148,"RT @AdamBandt: Last night at COP26 Barack Obama said ‚Äúvote like your life depends on it, because it does.‚Äù

Today, Scott Morrison‚Äôs approva‚Ä¶",Negative
149,"RT @Lowkey0nline: As president, Obama gave $700bn in subsidies to fossil fuel companies yearly, while spending only 0.2% of the national bu‚Ä¶",Positive
150,"RT @nytimes: ""Vote like your life depends on it, because it does,"" said former President Barack Obama in an address to young people at the‚Ä¶",Negative
151,RT @Veritatem2021: COP26: so Barack Obama thinks that urging young people to stay angry and  frustrated is good for their physical and ment‚Ä¶,Positive
152,"RT @GrayConnolly: Even after 8 years as President, Obama has this almost unworldly naivete - perhaps he really did believe all his own nons‚Ä¶",Positive
153,"RT @joshrogin: President Obama decides not to leave politics at the water's edge. In Glasgow, he says the GOP has an ""active hostility for‚Ä¶",Negative
154,RT @people: Barack Obama Urges Young People to 'Stay Angry' About Climate Change: 'The World Is Full of Gretas'  https://t.co/n2qqRrsslF,Positive
155,"RT @BBCWorld: ""We are nowhere near where we need to be yet""

Former US President Barack Obama says most countries have ""failed to meet acti‚Ä¶",Positive
156,@Ciroc_Obama @disorderedstar @mr_blah_blah__ I got mine last week üò≥,Negative
157,RT @JesseKellyDC: The true believers in ‚Äúclimate change‚Äù are so much more embarrassing than Obama. Obama just uses you all like chumps to e‚Ä¶,Negative
158,"RT @OccupyDemocrats: BREAKING: Former President Obama rips Trump on the world stage for his ""active hostility toward climate science"" and f‚Ä¶",Positive
159,"RT @Reuters: In a speech at #COP26, former U.S. President Barack Obama criticized China and Russia for their 'lack of urgency' in curbing e‚Ä¶",Positive
160,RT @BBCWorld: ‚ÄúIn the US alone more than 3m people now work in clean energy... more than the number of people currently employed by the ent‚Ä¶,Negative
161,RT @KatiePavlich: Barack Obama owns an energy guzzling mansion on the ocean in Martha‚Äôs Vineyard. The elites aren‚Äôt afraid of ‚Äúclimate chan‚Ä¶,Positive
162,"RT @disclosetv: NOW - Obama on ""climate change"" at #COP26: ""The first and most important is... vote like your life depends on it."" https://‚Ä¶",Positive
163,"RT @AvengerResister: If you find yourself agreeing with former President Obama, let‚Äôs follow each other.",Negative
164,"RT @OccupyDemocrats: BREAKING: Former President Obama rips Trump on the world stage for his ""active hostility toward climate science"" and f‚Ä¶",Negative
165,"@SomersetBean Obama was a record-breaking dealer of arms, which means death, destruction, &amp; toxicity.  https://t.co/Y1XpcLzXUw",Positive
166,RT @ElieNYC: @RadioFreeTom @DrJasonJohnson If Barack Obama (or Michelle) ran for the Dem nomination again they'd win in a walk. The only re‚Ä¶,Negative
167,"RT @Lowkey0nline: As president, Obama gave $700bn in subsidies to fossil fuel companies yearly, while spending only 0.2% of the national bu‚Ä¶",Positive
168,"RT @OccupyDemocrats: BREAKING: Former President Obama rips Trump on the world stage for his ""active hostility toward climate science"" and f‚Ä¶",Negative
169,"RT @MacPean: Obama can bolt, we have long memories and remember that he backed a so called 'strong and united' UK.  Keep yer neb out Scotla‚Ä¶",Negative
170,"RT @Amy_Siskind: Obama going hard at Trump without naming him in his Glasgow speech, noting the vacuum of US leadership on the world stage‚Ä¶",Positive
171,"RT @nytimes: ""Vote like your life depends on it, because it does,"" said former President Barack Obama in an address to young people at the‚Ä¶",Positive
172,What's next for migrant families separated under Trump? https://t.co/nPhpLBS5oR via @YahooIs Is he also going to pa‚Ä¶ https://t.co/5RqzMKooOh,Positive
173,"RT @OccupyDemocrats: BREAKING: Former President Obama rips Trump on the world stage for his ""active hostility toward climate science"" and f‚Ä¶",Negative
174,"RT @OccupyDemocrats: BREAKING: Former President Obama rips Trump on the world stage for his ""active hostility toward climate science"" and f‚Ä¶",Negative
175,RT @KatiePavlich: Barack Obama owns an energy guzzling mansion on the ocean in Martha‚Äôs Vineyard. The elites aren‚Äôt afraid of ‚Äúclimate chan‚Ä¶,Positive
176,"Dear @NFL the military coverage was cringe worthy! Narrated by Tom Cruise, are we supposed to look past his comment‚Ä¶ https://t.co/nNOsDSHuZW",Positive
177,RT @cg_evie: Just like they thought they were insulting President Obama by calling his healthcare ‚ÄúObamacare.‚Äù It became a winning plus for‚Ä¶,Negative
178,RT @AHMalcolm: CNN announces that climate-warming advocate Barack Obama will take a verbal swipe at Donald Trump for '4 years of active hos‚Ä¶,Positive
179,"RT @45rapeKatiejohn: #RemoveGosarJack
Just Announced 

""President Obama tried to warn us about Trump being unfit"" https://t.co/I8aVvpHd1s",Negative
180,Obama what am I doing with my life https://t.co/k87PLuXUOG https://t.co/8UGg7WXqiU,Positive
181,"RT @DanielTurnerPTF: Barack Obama: ""I can afford to give up a lot of my current lifestyle to benefit the planet.""

This is coming from the‚Ä¶",Positive
182,RT @nbcwashington: ‚ÄúThere are times where the future seems somewhat bleak. There are times where I am doubtful that humanity can get its ac‚Ä¶,Positive
183,"RT @DanielTurnerPTF: Barack Obama said Donald J. Trump's policies failed the world on climate change.

If achieving American energy indepen‚Ä¶",Negative
184,RT @dukewindsor388: Think about this....republicans made a big fuckin deal about the Obamacare website not being up and ready when Obama sa‚Ä¶,Negative
185,stop shipping obama and trudeau it makes joe biden sad,Negative
186,RT @nottramar: Viola Davis is so fucking funny for doing this face while playing Michelle Obama https://t.co/6GtnMcgyOn,Positive
187,"Stay angry on climate, Obama tells young people https://t.co/ZXnP5yVGSq via @BBCNews",Positive
188,RT @JesseKellyDC: The true believers in ‚Äúclimate change‚Äù are so much more embarrassing than Obama. Obama just uses you all like chumps to e‚Ä¶,Negative
189,"RT @climate: What happened today at the #COP26 climate summit?

Here's our daily scorecard tracking key highlights and developments. Read m‚Ä¶",Positive
190,"Obama denounces Trump, GOP for 'active hostility toward climate science' https://t.co/NkkzmoBxRO via @nbcnews. Addr‚Ä¶ https://t.co/HJkRrJHtaO",Positive
191,Michelle Obama was an exemplary First Lady,Positive
192,"RT @ajamubaraka: The U.S. &amp; NATO under Obama as Black face for white power, attacked &amp; destroy Libya -  at the time the most prosperous Afr‚Ä¶",Negative
193,"Obama urges countries to 'act now' to tackle climate change, help island nations | CBC News https://t.co/7IWJii44uE",Negative
194,@WashingtonAdam7 @madandmatt @JennaEllisEsq Reagan manipulated the tax code to keep the economy moving along in the‚Ä¶ https://t.co/vnvMcT0x5Q,Positive
195,RT @PopBase: First look at Viola Davis as Michelle Obama in ‚ÄòThe First Lady‚Äô. https://t.co/ef54pEXIxF,Positive
196,"RT @AdamBandt: Last night at COP26 Barack Obama said ‚Äúvote like your life depends on it, because it does.‚Äù

Today, Scott Morrison‚Äôs approva‚Ä¶",Positive
197,RT @KatiePavlich: Barack Obama owns an energy guzzling mansion on the ocean in Martha‚Äôs Vineyard. The elites aren‚Äôt afraid of ‚Äúclimate chan‚Ä¶,Negative
198,"RT @Reuters: In a speech at #COP26, former U.S. President Barack Obama criticized China and Russia for their 'lack of urgency' in curbing e‚Ä¶",Negative
199,RT @Phil_Lewis_: Viola Davis has got Michelle Obama‚Äôs smirk down https://t.co/ae2fBo9N5n,Positive
200,"RT @ajamubaraka: The U.S. &amp; NATO under Obama as Black face for white power, attacked &amp; destroy Libya -  at the time the most prosperous Afr‚Ä¶",Negative
201,"RT @AdamBandt: Last night at COP26 Barack Obama said ‚Äúvote like your life depends on it, because it does.‚Äù

Today, Scott Morrison‚Äôs approva‚Ä¶",Positive
202,RT @seanhannity: Obama: ‚ÄúI can afford to give up a lot of my current lifestyle to benefit the planet because I‚Äôll still have a lot left ove‚Ä¶,Negative
203,"RT @bulldoghill: ""There are times where I feel discouraged. There are times where the future seems somewhat bleak. There are times where I‚Ä¶",Positive
204,Obama Expresses Confidence That Biden's Build Back Better Bill Will Pass... https://t.co/Evzd1gZWIk via @YouTube. ü§•ü§•ü§•ü§•,Positive
205,Letters to the Editor: 'Let's go Brandon' ‚Äî can you imagine if Obama did that? https://t.co/YUYh4MznP3 via @Yahoo,Negative
206,"RT @OccupyDemocrats: BREAKING: Former President Obama rips Trump on the world stage for his ""active hostility toward climate science"" and f‚Ä¶",Positive
207,"RT @nytimes: ""Vote like your life depends on it, because it does,"" said former President Barack Obama in an address to young people at the‚Ä¶",Negative
208,@JosephWulfsohn Prosecutor Durham turning up the heat as more Clinton staffers become targets of Russian Collusion‚Ä¶ https://t.co/wG5ANvDWIq,Negative
209,RT @Phil_Lewis_: Viola Davis has got Michelle Obama‚Äôs smirk down https://t.co/ae2fBo9N5n,Negative
210,"This mentality probably reached a peak under Obama and the 2009 Iran protests. With Trump coming in, tearing apart‚Ä¶ https://t.co/NE3nKyshql",Negative
211,Barack Obama: 'Covid Restrictions Could Be Insane',Negative
212,"RT @ThomasF66417964: @ustooenough @donwinslow Why hasn‚Äôt Bannon been indicted yet? Raw and obvious contempt of Congress, right there in his‚Ä¶",Positive
213,"RT @EW: See Viola Davis as Michelle Obama in 'The First Lady' ‚Äî plus, Michelle Pfeiffer as Betty Ford and Gillian Anderson as Eleanor Roose‚Ä¶",Positive
214,RT @JesseKellyDC: The true believers in ‚Äúclimate change‚Äù are so much more embarrassing than Obama. Obama just uses you all like chumps to e‚Ä¶,Positive
215,RT @joeywreck: Why does Obama always gotta come out and talk down to us? Being realistic having an actual sense of urgency is not ‚Äúcynical‚Äù‚Ä¶,Positive
216,"RT @AdamBandt: Last night at COP26 Barack Obama said ‚Äúvote like your life depends on it, because it does.‚Äù

Today, Scott Morrison‚Äôs approva‚Ä¶",Negative
217,"RT @JeffreyStClair3: Boldly announcing something is bad for the environment, then quietly doing it anyway pretty much sums up Biden's envir‚Ä¶",Negative
218,"RT @thehill: Former President Obama: ""It was particularly discouraging to see the leaders of two of the world's largest emitters, China and‚Ä¶",Positive
219,RT @JasonOverstreet: It‚Äôs a good thing Barack Obama didn‚Äôt give that nuanced speech on race. That would‚Äôve ruined his chances of becoming p‚Ä¶,Positive
220,"RT @Amy_Siskind: Obama going hard at Trump without naming him in his Glasgow speech, noting the vacuum of US leadership on the world stage‚Ä¶",Positive
221,"RT @GBullstein: No one cares what you got to say Mr Obama, go away üò¥",Negative
222,"RT @AdamBandt: Last night at COP26 Barack Obama said ‚Äúvote like your life depends on it, because it does.‚Äù

Today, Scott Morrison‚Äôs approva‚Ä¶",Positive
223,"RT @OccupyDemocrats: BREAKING: Former President Obama rips Trump on the world stage for his ""active hostility toward climate science"" and f‚Ä¶",Positive
224,First Look: Viola Davis As Michelle Obama In ‚ÄòThe First Lady‚Äô https://t.co/CMQLbbGpdg https://t.co/h5OOrYNWYM,Negative
225,"RT @DanielTurnerPTF: Barack Obama: ""I can afford to give up a lot of my current lifestyle to benefit the planet.""

This is coming from the‚Ä¶",Negative
226,"RT @PopCrave: First look at Viola Davis as Michelle Obama, Michelle Pfeiffer as Betty Ford, and Gillian Anderson as Eleanor Roosevelt in ‚ÄòT‚Ä¶",Negative
227,"RT @OccupyDemocrats: BREAKING: Former President Obama rips Trump on the world stage for his ""active hostility toward climate science"" and f‚Ä¶",Negative
228,"RT @Kat4Obama: ""Obama was received at COP26 like a head of state, drawing more onlookers in the conference complex than Prince Charles and‚Ä¶",Positive
229,"RT @Lowkey0nline: As president, Obama gave $700bn in subsidies to fossil fuel companies yearly, while spending only 0.2% of the national bu‚Ä¶",Positive
230,RT @thegreatkhafid: COP26: Obama Tells Young People To Stay Angry On Climate¬†Fight https://t.co/8BSxuKz1Wb,Positive
231,"RT @OccupyDemocrats: BREAKING: Former President Obama rips Trump on the world stage for his ""active hostility toward climate science"" and f‚Ä¶",Negative
232,"RT @Reuters: In a speech at #COP26, former U.S. President Barack Obama criticized China and Russia for their 'lack of urgency' in curbing e‚Ä¶",Positive
233,"RT @OccupyDemocrats: BREAKING: Former President Obama rips Trump on the world stage for his ""active hostility toward climate science"" and f‚Ä¶",Positive
234,"Obama swipes at Trump for 'four years of active hostility' on climate in Glasgow speech
#TrumpIsADisgrace‚Ä¶ https://t.co/ZwVkdW328K",Negative
235,RT @davidsirota: Obama should also express regret for his own climate policy. https://t.co/CNaVHJhYht,Positive
236,"Working with McGowan 
""on the Good Inc. advisory committee is Former Obama Senior Advisor Dan Pfieffer, and Former‚Ä¶ https://t.co/BJwHqt1hzm",Negative
237,"RT @OccupyDemocrats: BREAKING: Former President Obama rips Trump on the world stage for his ""active hostility toward climate science"" and f‚Ä¶",Positive
238,RT @TomFitton: Hillary did it (with Obama/Biden)..... https://t.co/0HCgEbcO8h,Positive
239,@ToniLaNae In the end Obama being in office did more harm to black people than any white politician could've done.‚Ä¶ https://t.co/ywWQ8jKkLF,Negative
240,"RT @ajamubaraka: The U.S. &amp; NATO under Obama as Black face for white power, attacked &amp; destroy Libya -  at the time the most prosperous Afr‚Ä¶",Negative
241,"RT @OccupyDemocrats: BREAKING: Former President Obama rips Trump on the world stage for his ""active hostility toward climate science"" and f‚Ä¶",Negative
242,RT @KatiePavlich: Barack Obama owns an energy guzzling mansion on the ocean in Martha‚Äôs Vineyard. The elites aren‚Äôt afraid of ‚Äúclimate chan‚Ä¶,Positive
243,"RT @piercepenniless: ""We‚Äôve opened millions of new acres for oil and gas exploration ‚Ä¶ I‚Äôm directing my administration to open more than 75‚Ä¶",Negative
244,RT @seanhannity: Obama: ‚ÄúI can afford to give up a lot of my current lifestyle to benefit the planet because I‚Äôll still have a lot left ove‚Ä¶,Positive
245,RT @RichMcGowanMD: No words for the hypocrisy Obama shows here.,Negative
246,RT @ProfTomkins: Yoons are gonna pretty dumb when Obama clarifies that he was talking about other people‚Äôs nasty nationalisms and not that‚Ä¶,Positive
247,"RT @Amy_Siskind: Obama going hard at Trump without naming him in his Glasgow speech, noting the vacuum of US leadership on the world stage‚Ä¶",Positive
248,RT @BBCWorld: Barack Obama tells young people to stay angry on climate fight https://t.co/UCZ0fsZLVU,Negative
249,"RT @AdamBandt: Last night at COP26 Barack Obama said ‚Äúvote like your life depends on it, because it does.‚Äù

Today, Scott Morrison‚Äôs approva‚Ä¶",Positive
250,RT @RichMcGowanMD: Obama said he would step in to  stop the most viable climate focused Presidential candidate in history. He kept his word‚Ä¶,Negative
251,"RT @OccupyDemocrats: BREAKING: Former President Obama rips Trump on the world stage for his ""active hostility toward climate science"" and f‚Ä¶",Positive
252,"RT @PopCrave: First look at Viola Davis as Michelle Obama, Michelle Pfeiffer as Betty Ford, and Gillian Anderson as Eleanor Roosevelt in ‚ÄòT‚Ä¶",Negative
253,"RT @ajamubaraka: The U.S. &amp; NATO under Obama as Black face for white power, attacked &amp; destroy Libya -  at the time the most prosperous Afr‚Ä¶",Positive
254,@CALUSA18 @WhiteHouse Obama blew up hospitals,Negative
255,Cornel West Interview - Obama: In Pursuit Of A More Perfect Union https://t.co/jVBaHf89O6 via @YouTube,Negative
256,@CELSHDR Is that obama,Positive
257,"RT @RT_com: Obama demands urgency on climate, but says nothing about carbon footprint of bombing campaigns https://t.co/hfi2zTEA8u",Negative
258,"RT @Amy_Siskind: Obama going hard at Trump without naming him in his Glasgow speech, noting the vacuum of US leadership on the world stage‚Ä¶",Positive
259,"RT @thehill: Former President Obama: ""Protests are necessary to raise awareness. Hashtag campaigns can spread awareness, but to build the b‚Ä¶",Positive
260,"RT @OgbeniDipo: ""You can't ignore politics. While protesting and hashtags raise awareness, you should get involved in politics at some leve‚Ä¶",Positive
261,"RT @Amy_Siskind: Obama going hard at Trump without naming him in his Glasgow speech, noting the vacuum of US leadership on the world stage‚Ä¶",Negative
262,"RT @cnnbrk: Former President Barack Obama will use his speech at today's COP26 talks to express regret for four years under Trump of ""activ‚Ä¶",Negative
263,thiss!! The event was restricted and even the protest action was hidden away from Obama. You can't praise the youth‚Ä¶ https://t.co/PNtDnstsK3,Positive
264,RT @TomLondon6: I am happy to be corrected but I think Obama's 8 year presidency was a disaster for climate change,Negative
265,Obama the #DroneKiller https://t.co/0KHkAG6Kjz,Positive
266,@BruthaManTho @EquisResearch @PewHispanic It wasn't that long ago that George Bush was competing for/winning them o‚Ä¶ https://t.co/ZPlG2rtA00,Negative
267,@Forbes Why doesnt @Forbes write articles on how current politicians net worth have 2-10X'ed since being in office?‚Ä¶ https://t.co/NqrHu0t3XO,Negative
268,"RT @OccupyDemocrats: BREAKING: Former President Obama rips Trump on the world stage for his ""active hostility toward climate science"" and f‚Ä¶",Positive
269,"RT @DanielTurnerPTF: Barack Obama: ""I can afford to give up a lot of my current lifestyle to benefit the planet.""

This is coming from the‚Ä¶",Positive
270,"RT @Amy_Siskind: Obama going hard at Trump without naming him in his Glasgow speech, noting the vacuum of US leadership on the world stage‚Ä¶",Negative
271,"RT @AdamBandt: Last night at COP26 Barack Obama said ‚Äúvote like your life depends on it, because it does.‚Äù

Today, Scott Morrison‚Äôs approva‚Ä¶",Negative
272,"Obama says the U.S. is ""back"" after Trump's ""hostility toward climate science"" https://t.co/70sQB2lhqp Now let's get to work!",Negative
273,weird how good obama was on Cuba,Negative
274,@WeeScotUnicorn @holyroodmandy Oh dear . Has Obama upset dear leaders followers,Negative
275,"@nbcwashington Obama is the one who declared to make the US ""Saudi of shell gas"". What a hypocrite. He's the one wh‚Ä¶ https://t.co/dQ3zTude0B",Negative
276,RT @BBCWorld: Barack Obama tells young people to stay angry on climate fight https://t.co/UCZ0fsZLVU,Negative
277,"@cnnbrk HERES OBAMA AND FAUCI GIVING WUHAN THE FUND MONEY , FACT CHECKED READ IT
YES HE IS RESPONSIBLE FOR WHAT IS‚Ä¶ https://t.co/IBrc9TUPpN",Negative
278,RT @Chicago1Ray: The biggest mistake this Country's ever made was electing Barack Obama President,Negative
279,"5 takeaways from Day 8 of COP26: Obama swipes at Trump, big fossil fuel producers block progress

https://t.co/CUaVZdehHh",Negative
280,"RT @nytimes: ""Vote like your life depends on it, because it does,"" said former President Barack Obama in an address to young people at the‚Ä¶",Negative
281,"Corruption. Collusion. TREASON. #FJB 

F*ck Joe Biden and the Obama Pale Horse he rode in on! https://t.co/PFCxCvbOSF",Positive
282,RT @nottramar: Viola Davis is so fucking funny for doing this face while playing Michelle Obama https://t.co/6GtnMcgyOn,Positive
283,RT @seanhannity: Obama: ‚ÄúI can afford to give up a lot of my current lifestyle to benefit the planet because I‚Äôll still have a lot left ove‚Ä¶,Negative
284,"RT @cnnbrk: Former President Barack Obama will use his speech at today's COP26 talks to express regret for four years under Trump of ""activ‚Ä¶",Positive
285,"RT @kylegriffin1: Pres. Obama, at COP26, condemns the ""progress stalled"" on climate change when his ""successor decided to unilaterally pull‚Ä¶",Positive
286,@MarciaSessler @AmerMilNews Didn‚Äôt Obama send like pillows?,Negative
287,How can Barack Obama a star power? He hasn't done the right thing during the 8 years he was in power. What else cou‚Ä¶ https://t.co/ByZxNUMLfK,Positive
288,"RT @OccupyDemocrats: BREAKING: Former President Obama rips Trump on the world stage for his ""active hostility toward climate science"" and f‚Ä¶",Negative
289,RT @davidsirota: Obama should also express regret for his own climate policy. https://t.co/CNaVHJhYht,Positive
290,RT @davidsirota: Obama should also express regret for his own climate policy. https://t.co/CNaVHJhYht,Positive
291,@EW She looks too feminine to pass for Michelle.  Michelle obama is shaped like a quarterback,Positive
292,"RT @Reuters: ‚ÄòVote like your life depends on it, because it does‚Äô: Former U.S. President Barack Obama, speaking at the #COP26 climate summi‚Ä¶",Negative
293,@thereidout @stuartpstevens @mayawiley @glennkirschner2 @KJP46 @RepBeatty @LawProfButler @MadisonSiriusXM @MSNBC Ob‚Ä¶ https://t.co/YmG1jp7tZ8,Negative
294,"RT @TriCiArtPeace: @joshrogin President Obama is correct.

Republicans stand in the way of progress ... for money &amp; power, that's not ""poli‚Ä¶",Negative
295,"RT @OccupyDemocrats: BREAKING: Former President Obama rips Trump on the world stage for his ""active hostility toward climate science"" and f‚Ä¶",Negative
296,"RT @youngdems: *talking to someone from 2016*: ‚Äúyou‚Äôll never guess who will be driving Republicans crazy about healthcare in 2021‚Äù

2016 pe‚Ä¶",Negative
297,RT @MvembaDizolele: And Fmr President Obama discovered Franco de Mi Amor Luambo Makiadi. #Congo music. https://t.co/GoPgVD5uwD,Negative
298,"RT @vanessa_vash: Mr @BarackObama, I was 13 when you promised $100B #ClimateFinance. The US has broken that promise, it will cost lives in‚Ä¶",Positive
299,"RT @AdamBandt: Last night at COP26 Barack Obama said ‚Äúvote like your life depends on it, because it does.‚Äù

Today, Scott Morrison‚Äôs approva‚Ä¶",Negative
300,RT @newsmax: Former President Barack Obama on Monday blasted former President Donald Trump for pulling out of the Paris Agreement and criti‚Ä¶,Positive
301,"@fluidcreativiy I've been thinking of a shirt that says ""Shut up, Obama"" on the front and has Fred Hampton, Malcolm‚Ä¶ https://t.co/TmlZNsiSJE",Positive
302,"RT @joshrogin: President Obama decides not to leave politics at the water's edge. In Glasgow, he says the GOP has an ""active hostility for‚Ä¶",Negative
303,"Bloomberg
Xi Jinping‚Äôs expanding power is risk for China‚Äôs economy. Asia stocks to get a boost after S&amp;P 500 winnin‚Ä¶ https://t.co/dw338JYNIW",Negative
304,@murdo_fraser @JamieC1093 Cue the Nats ready to ‚Äòbarrack‚Äô Obama for saying that !,Positive
305,"RT @OccupyDemocrats: BREAKING: Former President Obama rips Trump on the world stage for his ""active hostility toward climate science"" and f‚Ä¶",Positive
306,"RT @OccupyDemocrats: BREAKING: Former President Obama rips Trump on the world stage for his ""active hostility toward climate science"" and f‚Ä¶",Positive
307,"RT @GBNEWS: üö®Simon Evans gives his take on tomorrow's news tonight...

üì∞ Boris Johnson sleaze scandal 
üì∞ Barrack Obama's COP26 speech 
üì∞ Ad‚Ä¶",Positive
308,"RT @LangmanVince: If Obama is overseas at the phony climate change summit 
Who's running the country?",Positive
309,RT @Phil_Lewis_: Viola Davis has got Michelle Obama‚Äôs smirk down https://t.co/ae2fBo9N5n,Positive
310,The former US president did not hold back in his assessment of Russia and China's national climate change plans and‚Ä¶ https://t.co/Cr9ArQHOHS,Negative
311,"RT @OccupyDemocrats: BREAKING: Former President Obama rips Trump on the world stage for his ""active hostility toward climate science"" and f‚Ä¶",Negative
312,"RT @emzanotti: From a quick Google search, it appears Obama has spent nearly $25 million securing beachfront property, which would be an in‚Ä¶",Negative
313,RT @JesseKellyDC: The true believers in ‚Äúclimate change‚Äù are so much more embarrassing than Obama. Obama just uses you all like chumps to e‚Ä¶,Negative
314,"RT @OccupyDemocrats: BREAKING: Former President Obama rips Trump on the world stage for his ""active hostility toward climate science"" and f‚Ä¶",Negative
315,"RT @badler: ‚ÄúProtests are necessary to raise awareness,‚Äù Obama said. ‚ÄúBut to build the broad-based coalitions necessary for bold action, we‚Ä¶",Negative
316,"RT @OccupyDemocrats: BREAKING: Former President Obama rips Trump on the world stage for his ""active hostility toward climate science"" and f‚Ä¶",Negative
317,"RT @OccupyDemocrats: BREAKING: Former President Obama rips Trump on the world stage for his ""active hostility toward climate science"" and f‚Ä¶",Positive
318,"RT @OccupyDemocrats: BREAKING: Former President Obama rips Trump on the world stage for his ""active hostility toward climate science"" and f‚Ä¶",Negative
319,"RT @nytimes: ""Vote like your life depends on it, because it does,"" said former President Barack Obama in an address to young people at the‚Ä¶",Positive
320,RT @LukewSavage: Stuff like this would be a lot more convincing if Obama hadn't quite literally spiked oil and gas production during his pr‚Ä¶,Positive
321,"RT @Newsweek: Barack Obama called out the Trump administration for pulling out of the Paris Climate Accord, which Obama committed the U.S.‚Ä¶",Positive
322,RT @JaedynDLux: VIOLA DAVIS IS GONNA PLAY MICHELLE OBAMA THIS IS NOT A DRILL  üò≠üò≠üò≠üò≠ https://t.co/HzkZhmLS6u,Positive
323,"RT @Lowkey0nline: As president, Obama gave $700bn in subsidies to fossil fuel companies yearly, while spending only 0.2% of the national bu‚Ä¶",Negative
324,RT @KatiePavlich: Barack Obama owns an energy guzzling mansion on the ocean in Martha‚Äôs Vineyard. The elites aren‚Äôt afraid of ‚Äúclimate chan‚Ä¶,Positive
325,RT @steveweidberg: Move over Kavanaugh hearing ratings! The Barack Obama hearings will be like the Hiroshima bomb being dropped on that ven‚Ä¶,Positive
326,"RT @ajamubaraka: The U.S. &amp; NATO under Obama as Black face for white power, attacked &amp; destroy Libya -  at the time the most prosperous Afr‚Ä¶",Positive
327,"RT @AdamBandt: Last night at COP26 Barack Obama said ‚Äúvote like your life depends on it, because it does.‚Äù

Today, Scott Morrison‚Äôs approva‚Ä¶",Negative
328,"RT @nytimes: ""Vote like your life depends on it, because it does,"" said former President Barack Obama in an address to young people at the‚Ä¶",Positive
329,RAPH said Jayce looks like Obama https://t.co/1PFY7iBtOA,Negative
330,RT @Kat4Obama: President Obama: ‚Äú'There are times where I am doubtful that humanity can get its act together before it‚Äôs too late... And ye‚Ä¶,Negative
331,"RT @FriendsTrench: BREAKING NEWS: Just hours ago, Rep. Sheila Babauta introduced President Barack Obama at #COP26 in Glasgow, Scotland.
""We‚Ä¶",Negative
332,"RT @OccupyDemocrats: BREAKING: Former President Obama rips Trump on the world stage for his ""active hostility toward climate science"" and f‚Ä¶",Negative
333,"RT @FinancialReview: The Morrison government‚Äôs new EV plan rules out the two big policy changes needed, the industry says; former US Presid‚Ä¶",Positive
334,"RT @CourtneyBanks: Yo these kids are gunna wild out on Obama in 3, 2, 1 https://t.co/tZkFXoTT1c",Negative
335,"RT @OccupyDemocrats: BREAKING: Former President Obama rips Trump on the world stage for his ""active hostility toward climate science"" and f‚Ä¶",Negative
336,Obama chuckled. You mean the chaos emeralds,Negative
337,"RT @TheGreenParty: Barack Obama's speech hit the nail on the head.

The best way to get Green policies in place is to back the party pushin‚Ä¶",Negative
338,"RT @OccupyDemocrats: BREAKING: Former President Obama rips Trump on the world stage for his ""active hostility toward climate science"" and f‚Ä¶",Negative
339,"RT @OccupyDemocrats: BREAKING: Former President Obama rips Trump on the world stage for his ""active hostility toward climate science"" and f‚Ä¶",Positive
340,"RT @Amy_Siskind: Obama going hard at Trump without naming him in his Glasgow speech, noting the vacuum of US leadership on the world stage‚Ä¶",Positive
341,"RT @ToniLaNae: Truth be told Barack Obama started the demonizing the word ""woke"" so it makes sense other members of his party are using the‚Ä¶",Positive
342,RT @Rooster_Crowing: How much money will Kate Steinles family get for her being separated from them by Democrat policies‚Ä¶.It was the Obama/‚Ä¶,Negative
343,"RT @GarryXDee: Obama is no friend of Scotland. He didn‚Äôt support IndyRef 14 and today, he said that he was in the Emerald isles. WTF?",Positive
344,@NBA @Bucks I miss Obama.,Negative
345,"RT @joshrogin: President Obama decides not to leave politics at the water's edge. In Glasgow, he says the GOP has an ""active hostility for‚Ä¶",Negative
346,"RT @mccammon_louis: So ... Obama is the new Al Gore ... fir climate change?!?
And  ... the all-knowing , all-powerful  Obama said  ... ‚ÄúWe‚Ä¶",Positive
347,"RT @alexbruesewitz: Obama said we are ‚Äúrunning out of time‚Äù to address ‚Äúclimate change‚Äù and ‚Äúrising sea levels.‚Äù

That is why he bought a $‚Ä¶",Negative
348,"RT @Amy_Siskind: Obama going hard at Trump without naming him in his Glasgow speech, noting the vacuum of US leadership on the world stage‚Ä¶",Positive
349,RT @BBCWorld: Barack Obama tells young people to stay angry on climate fight https://t.co/UCZ0fsZLVU,Negative
350,@TheEconomist I am sure Obama agrees with him.,Negative
351,RT @davidsirota: Obama should also express regret for his own climate policy. https://t.co/CNaVHJhYht,Positive
352,"RT @OccupyDemocrats: BREAKING: Former President Obama rips Trump on the world stage for his ""active hostility toward climate science"" and f‚Ä¶",Negative
353,"RT @DanielTurnerPTF: Barack Obama: ""I can afford to give up a lot of my current lifestyle to benefit the planet.""

This is coming from the‚Ä¶",Negative
354,"RT @washingtonpost: Obama at #COP26 says there is still a lot of work to do, expresses disappointment in Russia and China. https://t.co/uBo‚Ä¶",Negative
355,"RT @DanielTurnerPTF: Barack Obama: ""I can afford to give up a lot of my current lifestyle to benefit the planet.""

This is coming from the‚Ä¶",Negative
356,"RT @Amy_Siskind: Obama going hard at Trump without naming him in his Glasgow speech, noting the vacuum of US leadership on the world stage‚Ä¶",Positive
357,"RT @AdamBandt: Last night at COP26 Barack Obama said ‚Äúvote like your life depends on it, because it does.‚Äù

Today, Scott Morrison‚Äôs approva‚Ä¶",Positive
358,RT @ukunionvoice: Sturgeon #TheGreatPretender wont be rushing for a selfie with Obama ...,Positive
359,He forgot they should be protesting EVERY event that #Obama holds as he's the one that used them like #Biden has‚Ä¶ https://t.co/szzzEzhhkT,Positive
360,"RT @OccupyDemocrats: BREAKING: Former President Obama rips Trump on the world stage for his ""active hostility toward climate science"" and f‚Ä¶",Negative
361,‚ÄúONE SIDE is ignoring the ‚ÄòClimate Science‚Äô‚Äù-Obama now there‚Äôs an oxymoron from an expired moron https://t.co/zih9Fm44Ck,Negative
362,@Blake_Allen13 It's not that Obama didn't acknowledge the horrors of the past. It's that he acknowledged that Ameri‚Ä¶ https://t.co/QZLZEr4sPJ,Negative
363,RT @Murray4Moray: @mgoldenmsp I really wish I could think of a better example of what Obama was speaking about than a Tory UK voting to dum‚Ä¶,Negative
364,RT @PastorDScott: Anybody know which commercial airline Obama took to the Climate change summit?,Negative
365,RT @NRO: Obama helped popularize and normalize the idea that executive overreach was acceptable if the president claimed there was moral im‚Ä¶,Negative
366,@CapehartJ Same goes for Democrats. Obama did absolutely nothing to dismantle white supremacy and help repair the d‚Ä¶ https://t.co/0fWp58Ax4Z,Positive
367,"RT @OccupyDemocrats: BREAKING: Former President Obama rips Trump on the world stage for his ""active hostility toward climate science"" and f‚Ä¶",Positive
368,"RT @Ericdun19416783: Barack Obama chatting bollocks at the COP26...

Another wrong-un",Positive
369,@Tigerfists88 #PeoplesChamp.!!üí™‚ù§Ô∏è Obama #news Biden #p2  https://t.co/hpq2wj4g8k https://t.co/SWqe00hcEw  Please RT. #t4a #iDt6,Positive
370,"RT @OccupyDemocrats: BREAKING: Former President Obama rips Trump on the world stage for his ""active hostility toward climate science"" and f‚Ä¶",Positive
371,Obama says world 'nowhere near' done on climate action https://t.co/ep90XZxh8z,Negative
372,"RT @vanessa_vash: Mr @BarackObama, I was 13 when you promised $100B #ClimateFinance. The US has broken that promise, it will cost lives in‚Ä¶",Positive
373,".@GovPritzker in Glasgow Climate Change summit ""I am the Governor of the greatest state in the United States. We ga‚Ä¶ https://t.co/606XxWdewU",Negative
374,RT @KatiePavlich: Barack Obama owns an energy guzzling mansion on the ocean in Martha‚Äôs Vineyard. The elites aren‚Äôt afraid of ‚Äúclimate chan‚Ä¶,Positive
375,@sahouraxo Hell is full of people whit good intentions like this obama fellow,Positive
376,RT @KatiePavlich: Barack Obama owns an energy guzzling mansion on the ocean in Martha‚Äôs Vineyard. The elites aren‚Äôt afraid of ‚Äúclimate chan‚Ä¶,Positive
377,RT @PastorDScott: Anybody know which commercial airline Obama took to the Climate change summit?,Negative
378,"RT @Luv4RWB: If this ü§° wants to stay relevant, he should go back to Chicago to help Bettlejuice get that city in order! 

Americans first!‚Ä¶",Positive
379,RT @davidsirota: Obama should also express regret for his own climate policy. https://t.co/CNaVHJhYht,Positive
380,"RT @DanielTurnerPTF: Barack Obama said Donald J. Trump's policies failed the world on climate change.

If achieving American energy indepen‚Ä¶",Negative
381,"RT @nytimes: ""Vote like your life depends on it, because it does,"" said former President Barack Obama in an address to young people at the‚Ä¶",Negative
382,RT @KatiePavlich: Barack Obama owns an energy guzzling mansion on the ocean in Martha‚Äôs Vineyard. The elites aren‚Äôt afraid of ‚Äúclimate chan‚Ä¶,Positive
383,"RT @AlexEpstein: Barack Obama is at COP 26 telling young people ""vote like your life depends on it, because it does."" That's true, but not‚Ä¶",Negative
384,@SWolfs46 @DaRealMiniToon it was Obama..,Negative
385,"RT @nytimes: ""Vote like your life depends on it, because it does,"" said former President Barack Obama in an address to young people at the‚Ä¶",Positive
386,"RT @djbowe1: From the days of Obama till now, the FBI has been acting more like the KGB! is that too much of a stretch to say?",Positive
387,"RT @OccupyDemocrats: BREAKING: Former President Obama rips Trump on the world stage for his ""active hostility toward climate science"" and f‚Ä¶",Negative
388,"RT @OccupyDemocrats: BREAKING: Former President Obama rips Trump on the world stage for his ""active hostility toward climate science"" and f‚Ä¶",Negative
389,RT @TomFitton: Hillary did it (with Obama/Biden)..... https://t.co/0HCgEbcO8h,Negative
390,"@david_darmofal @wyldepepper The pic of Obama too, great!",Negative
391,"RT @Amy_Siskind: Obama going hard at Trump without naming him in his Glasgow speech, noting the vacuum of US leadership on the world stage‚Ä¶",Negative
392,"RT @vanessa_vash: Mr @BarackObama, I was 13 when you promised $100B #ClimateFinance. The US has broken that promise, it will cost lives in‚Ä¶",Negative
393,"RT @pamnsc: Pres Obama is on #CNN pontificating against eating meat ' because""  climate change '.... OOO stop already.  Earlier they were b‚Ä¶",Positive
394,TRUMP HAD HIS CHANCE TO REINSTATE SMITH MUNDT ACT. HE DID NOTHING TO STOP THE OBAMA PUSHED PROPAGANDA https://t.co/V07r6NYQOf,Negative
395,"RT @nytimes: ""Vote like your life depends on it, because it does,"" said former President Barack Obama in an address to young people at the‚Ä¶",Negative
396,"RT @darrengrimes_: Obama: ""I can afford to give up a lot of my current lifestyle to benefit the planet.""

Yes, yes you can.

Yet you still‚Ä¶",Positive
397,"‚ÄúWe are nowhere near where we need to be,‚Äù while quoting Shakespeare on the pace of progress: ‚ÄúWhat wound, he write‚Ä¶ https://t.co/TqEtGnUnpW",Negative
398,RT @TomFitton: Hillary did it (with Obama/Biden)..... https://t.co/0HCgEbcO8h,Negative
399,"RT @nytimes: ""Vote like your life depends on it, because it does,"" said former President Barack Obama in an address to young people at the‚Ä¶",Positive
400,"@rgh1205 @FPWellman The only ""Infrastructure"" Trump was interested in was building a wall on the border. Except for‚Ä¶ https://t.co/bQ2aCtuzg5",Positive
401,"RT @OccupyDemocrats: BREAKING: Former President Obama rips Trump on the world stage for his ""active hostility toward climate science"" and f‚Ä¶",Positive
402,RT @Murray4Moray: @mgoldenmsp I really wish I could think of a better example of what Obama was speaking about than a Tory UK voting to dum‚Ä¶,Negative
403,Lady Vice President and Obama are in Indonesia. They committed fraud also. So did newsom and Pelosi. The Fed is gui‚Ä¶ https://t.co/i8CvBfrA1N,Positive
404,"RT @AdamBandt: Last night at COP26 Barack Obama said ‚Äúvote like your life depends on it, because it does.‚Äù

Today, Scott Morrison‚Äôs approva‚Ä¶",Negative
405,"RT @nytimes: ""Vote like your life depends on it, because it does,"" said former President Barack Obama in an address to young people at the‚Ä¶",Positive
406,"RT @eilperin: Calling himself a 'hype man,' @BarackObama touted America's commitment to #ClimateAction at #COP26  and urged youth activists‚Ä¶",Positive
407,"RT @Leahtommi: Came all the way to Glasgow for cop26 and BIPOC youth can‚Äôt go to see Obama at the cop event , even though his speech is abo‚Ä¶",Negative
408,"Pres Obama is on #CNN pontificating against eating meat ' because""  climate change '.... OOO stop already.  Earlier‚Ä¶ https://t.co/VHqNmGv4S7",Positive
409,"RT @nytimes: ""Vote like your life depends on it, because it does,"" said former President Barack Obama in an address to young people at the‚Ä¶",Negative
410,"RT @DanielTurnerPTF: Barack Obama: ""I can afford to give up a lot of my current lifestyle to benefit the planet.""

This is coming from the‚Ä¶",Positive
411,RT @JesseKellyDC: The true believers in ‚Äúclimate change‚Äù are so much more embarrassing than Obama. Obama just uses you all like chumps to e‚Ä¶,Positive
412,RT @Rooster_Crowing: How much money will Kate Steinles family get for her being separated from them by Democrat policies‚Ä¶.It was the Obama/‚Ä¶,Negative
413,"RT @ajamubaraka: The U.S. &amp; NATO under Obama as Black face for white power, attacked &amp; destroy Libya -  at the time the most prosperous Afr‚Ä¶",Negative
414,"Obama takes swipe at Trump for 'four years of active hostility' on climate

https://t.co/ti7voJ0oi8",Positive
415,@StephenSound @scapelliti I always knew he would do just like Obama and cave to the opposition. But in his delusion‚Ä¶ https://t.co/srTDL3Cmo5,Positive
416,@CautiousLefty What does discipline look like with Obama?,Negative
417,RT @JesseKellyDC: The true believers in ‚Äúclimate change‚Äù are so much more embarrassing than Obama. Obama just uses you all like chumps to e‚Ä¶,Positive
418,"RT @DanielTurnerPTF: Barack Obama: Joe Biden‚Äôs spending plan will ‚Äòreduce‚Äô energy prices.

Meanwhile, gas prices are at a 7-year high. http‚Ä¶",Negative
419,RT @350: Youth activists @FFFMAPA welcome President @BarackObama to #COP26 ‚Äî calling on USA to help deliver the $100bn in climate financing‚Ä¶,Positive
420,#POTUS we want more Obama and Harris.,Negative
421,"RT @GBNEWS: üö®Simon Evans gives his take on tomorrow's news tonight...

üì∞ Boris Johnson sleaze scandal 
üì∞ Barrack Obama's COP26 speech 
üì∞ Ad‚Ä¶",Negative
422,"RT @blairmcdougall: ‚ÄúI recognise we are living in a moment when international cooperation has waned, a moment of great geopolitical tension‚Ä¶",Positive
423,"RT @ajamubaraka: The U.S. &amp; NATO under Obama as Black face for white power, attacked &amp; destroy Libya -  at the time the most prosperous Afr‚Ä¶",Negative
424,@eliz_lloyd They are applying Obama's sensible words to the Scottish context. As they have every right to do. Why is that nonsense?,Positive
425,RT @nottramar: Viola Davis is so fucking funny for doing this face while playing Michelle Obama https://t.co/6GtnMcgyOn,Negative
426,RT @TomFitton: Hillary did it (with Obama/Biden)..... https://t.co/0HCgEbcO8h,Positive
427,"RT @nytimes: ""Vote like your life depends on it, because it does,"" said former President Barack Obama in an address to young people at the‚Ä¶",Negative
428,"RT @alexbruesewitz: Obama said we are ‚Äúrunning out of time‚Äù to address ‚Äúclimate change‚Äù and ‚Äúrising sea levels.‚Äù

That is why he bought a $‚Ä¶",Positive
429,@GovMurphy Pennsylvania is giving the power back to the schools in January. You are now even behind Wolf as far as‚Ä¶ https://t.co/tL9uoB3dCH,Positive
430,"RT @OccupyDemocrats: BREAKING: Former President Obama rips Trump on the world stage for his ""active hostility toward climate science"" and f‚Ä¶",Positive
431,RT @PastorDScott: Anybody know which commercial airline Obama took to the Climate change summit?,Negative
432,"RT @OccupyDemocrats: BREAKING: Former President Obama rips Trump on the world stage for his ""active hostility toward climate science"" and f‚Ä¶",Negative
433,"RT @thehill: Former President Obama: ""It was particularly discouraging to see the leaders of two of the world's largest emitters, China and‚Ä¶",Negative
434,"RT @Amy_Siskind: Obama going hard at Trump without naming him in his Glasgow speech, noting the vacuum of US leadership on the world stage‚Ä¶",Positive
435,RT @ukunionvoice: Sturgeon #TheGreatPretender wont be rushing for a selfie with Obama ...,Positive
436,RT @nottramar: Viola Davis is so fucking funny for doing this face while playing Michelle Obama https://t.co/6GtnMcgyOn,Positive
437,"RT @Amy_Siskind: Obama going hard at Trump without naming him in his Glasgow speech, noting the vacuum of US leadership on the world stage‚Ä¶",Positive
438,"RT @OccupyDemocrats: BREAKING: Former President Obama rips Trump on the world stage for his ""active hostility toward climate science"" and f‚Ä¶",Positive
439,"RT @SomersetBean: Why does anyone still listen to or quote Obama? A silvery tongue and a slippery customer.

An enthusiast for military-gra‚Ä¶",Positive
440,"RT @Amy_Siskind: Obama going hard at Trump without naming him in his Glasgow speech, noting the vacuum of US leadership on the world stage‚Ä¶",Positive
441,"RT @OccupyDemocrats: BREAKING: Former President Obama rips Trump on the world stage for his ""active hostility toward climate science"" and f‚Ä¶",Negative
442,"RT @OccupyDemocrats: BREAKING: Former President Obama rips Trump on the world stage for his ""active hostility toward climate science"" and f‚Ä¶",Negative
443,"RT @DanielTurnerPTF: Barack Obama: ""I can afford to give up a lot of my current lifestyle to benefit the planet.""

This is coming from the‚Ä¶",Negative
444,RT @JesseKellyDC: The true believers in ‚Äúclimate change‚Äù are so much more embarrassing than Obama. Obama just uses you all like chumps to e‚Ä¶,Positive
445,RT @therecount: Former Pres. Obama: ‚ÄúI welcome any faction within the Republican Party in the United States that takes climate change serio‚Ä¶,Positive
446,RT @mark_mclaughlin: Unionists have urged the SNP to heed Barack Obama‚Äôs warning that ‚Äúnationalism and tribal impulses‚Äù hamper progress on‚Ä¶,Negative
447,"@jus_bellum @joncoopertweets The problem with your rant is many who voted no, only voted no because it was Joe‚Äôs pl‚Ä¶ https://t.co/HAwgzjUv5G",Negative
448,She Understood The Assignment: People React to Photos of Viola Davis as Michelle Obama in 'The First Lady' [Tweets]‚Ä¶ https://t.co/tKQIl6AMbi,Positive
449,"RT @OccupyDemocrats: BREAKING: Former President Obama rips Trump on the world stage for his ""active hostility toward climate science"" and f‚Ä¶",Positive
450,RT @davidsirota: Obama should also express regret for his own climate policy. https://t.co/CNaVHJhYht,Negative
451,@YUNOHOO @realJoelFischer @TheJuanWilliams @JesseBWatters I guess the crime bill slipped Joe Biden's mine! I mean i‚Ä¶ https://t.co/6IQPfY45Qs,Positive
452,Not the first time either. Remember the fake pics with Obama and the president of Iran? https://t.co/Ix7CrZtgsd,Positive
453,"RT @OgbeniDipo: ""You can't ignore politics. While protesting and hashtags raise awareness, you should get involved in politics at some leve‚Ä¶",Positive
454,"RT @DanielTurnerPTF: Barack Obama: ""I can afford to give up a lot of my current lifestyle to benefit the planet.""

This is coming from the‚Ä¶",Negative
455,"RT @joshrogin: President Obama decides not to leave politics at the water's edge. In Glasgow, he says the GOP has an ""active hostility for‚Ä¶",Positive
456,"RT @OccupyDemocrats: BREAKING: Former President Obama rips Trump on the world stage for his ""active hostility toward climate science"" and f‚Ä¶",Positive
457,aint have a girlfriend since obama been outta office,Positive
458,RT @TomFitton: Hillary did it (with Obama/Biden)..... https://t.co/0HCgEbcO8h,Negative
459,"RT @DanielTurnerPTF: Barack Obama: ""I can afford to give up a lot of my current lifestyle to benefit the planet.""

This is coming from the‚Ä¶",Positive
460,"RT @therecount: Obama on ""the bad news"" for leaders at the #COP26 climate summit:

‚ÄúWe are nowhere near where we need to be at ‚Ä¶ most count‚Ä¶",Positive
461,"RT @nytimes: ""Vote like your life depends on it, because it does,"" said former President Barack Obama in an address to young people at the‚Ä¶",Negative
462,RT @davidsirota: Obama should also express regret for his own climate policy. https://t.co/CNaVHJhYht,Positive
463,RT @Phil_Lewis_: Viola Davis has got Michelle Obama‚Äôs smirk down https://t.co/ae2fBo9N5n,Positive
464,RT @DrShayPhD: Obama is the biggest mistake America has ever made. He is a stain on this country that will never go away. Just like a roach‚Ä¶,Positive
465,"So ... Obama is the new Al Gore ... fir climate change?!?
And  ... the all-knowing , all-powerful  Obama said  ...‚Ä¶ https://t.co/SpokY7Qsqt",Negative
466,"RT @nytimes: ""Vote like your life depends on it, because it does,"" said former President Barack Obama in an address to young people at the‚Ä¶",Positive
467,"RT @OccupyDemocrats: BREAKING: Former President Obama rips Trump on the world stage for his ""active hostility toward climate science"" and f‚Ä¶",Negative
468,Obama‚Äôs Presidency was the result of a wider conspiracy; through no fault of his own. His meteoric rise from commun‚Ä¶ https://t.co/jpiRCm5JJQ,Positive
469,"Just a question,  did Obama fly to Scotland by commercial aircraft or private plane to bash the US?",Negative
470,RT @seanhannity: Obama: ‚ÄúI can afford to give up a lot of my current lifestyle to benefit the planet because I‚Äôll still have a lot left ove‚Ä¶,Negative
471,wait there a obama movie happening!? https://t.co/OQfDnHfqOk,Positive
472,RT @nottramar: Viola Davis is so fucking funny for doing this face while playing Michelle Obama https://t.co/6GtnMcgyOn,Positive
473,@EmiEmiusa @raystaples3 @EmiEmiusa Many in addition to Joe Biden want to see the cessation of fossil fuels. Biden i‚Ä¶ https://t.co/T62cW3oyZT,Positive
474,"Did we pay illegal aliens separation pay from family under the Obama administration? Just checking, Biden has let o‚Ä¶ https://t.co/8iDgkJCFBZ",Negative
475,"RT @CourtneyBanks: Yo these kids are gunna wild out on Obama in 3, 2, 1 https://t.co/tZkFXoTT1c",Negative
476,@leslibless @VickiMDonovan Obama must have convinced The puppet that they did,Negative
477,"RT @AvengerResister: If you find yourself agreeing with former President Obama, let‚Äôs follow each other.",Positive
478,"@seanhannity Oh, and Obama's current lifestyle is reason enough to indict him for treason. What has he ever done to‚Ä¶ https://t.co/sRMIeDaecN",Negative
479,RT @PastorDScott: Anybody know which commercial airline Obama took to the Climate change summit?,Positive
480,RT @Rooster_Crowing: How much money will Kate Steinles family get for her being separated from them by Democrat policies‚Ä¶.It was the Obama/‚Ä¶,Negative
481,RT @davidsirota: Obama should also express regret for his own climate policy. https://t.co/CNaVHJhYht,Positive
482,"RT @EW: See Viola Davis as Michelle Obama in 'The First Lady' ‚Äî plus, Michelle Pfeiffer as Betty Ford and Gillian Anderson as Eleanor Roose‚Ä¶",Negative
483,@HighPoint_ESBM Barick Obama üò¥üò¥,Positive
484,"Or Hunter Biden, or Barack Obama &amp; Hillary Clinton, Hell that list is probably longer then we'll ever know. https://t.co/4rkajrrfUN",Positive
485,RT @iamjumpingin: Yeah how dare we not waste taxpayer dollars on the phony climate change that does nothing but make the evil doers richer.‚Ä¶,Negative
486,"RT @Amy_Siskind: Obama going hard at Trump without naming him in his Glasgow speech, noting the vacuum of US leadership on the world stage‚Ä¶",Negative
487,"RT @DanielTurnerPTF: Barack Obama said Donald J. Trump's policies failed the world on climate change.

If achieving American energy indepen‚Ä¶",Negative
488,"RT @OccupyDemocrats: BREAKING: Former President Obama rips Trump on the world stage for his ""active hostility toward climate science"" and f‚Ä¶",Positive
489,"RT @AdamBandt: Last night at COP26 Barack Obama said ‚Äúvote like your life depends on it, because it does.‚Äù

Today, Scott Morrison‚Äôs approva‚Ä¶",Negative
490,"It‚Äôs 2058. We breathe through gas masks because the air is toxic. The water wars have been raging for a decade. 

Obama: Vote!",Negative
491,"RT @SteveRustad1: Steve Bannon . . .

Racist.

Fascist.

Psychotic.

Treasonous.

Arrest that damn criminal.

#StopTheSqueal #RoyalFartJoe‚Ä¶",Positive
492,"RT @OccupyDemocrats: BREAKING: Former President Obama rips Trump on the world stage for his ""active hostility toward climate science"" and f‚Ä¶",Negative
493,"RT @TomFitton: Durham must, if he hasn't already, interview Obama, Clinton, and Biden on the Steele Dossier. https://t.co/yXhCMDR8VA",Positive
494,@newsmax It has been agreed by many that this is one of the Worst deals by Obama!,Negative
495,"RT @Lowkey0nline: As president, Obama gave $700bn in subsidies to fossil fuel companies yearly, while spending only 0.2% of the national bu‚Ä¶",Negative
496,"WestExec Advisors is derived from ‚ÄúWest Executive Avenue,‚Äù the closed street that runs between the West Wing of the‚Ä¶ https://t.co/FBcM3rMnT9",Positive
497,"RT @ajamubaraka: The U.S. &amp; NATO under Obama as Black face for white power, attacked &amp; destroy Libya -  at the time the most prosperous Afr‚Ä¶",Negative
498,"RT @DanielTurnerPTF: Barack Obama: ""I can afford to give up a lot of my current lifestyle to benefit the planet.""

This is coming from the‚Ä¶",Negative
499,"RT @DanielTurnerPTF: Barack Obama: ""I can afford to give up a lot of my current lifestyle to benefit the planet.""

This is coming from the‚Ä¶",Positive
